{
    "sfm_data_version": "0.3",
    "root_path": "/home/chung/extlink/dataset/OmniScenes_ver1_1_release/turtlebot_pano/turtlebot_room_1_scene_1_new2/images",
    "views": [],
    "intrinsics": [],
    "extrinsics": [
        {
            "key": 33,
            "value": {
                "rotation": [
                    [
                        -0.15745351440478229,
                        0.250678956187656,
                        0.9551798007319096
                    ],
                    [
                        -0.020967186569146435,
                        0.9661781652690433,
                        -0.2570216528713491
                    ],
                    [
                        -0.9873037870326223,
                        -0.06049639561174599,
                        -0.14687211521942995
                    ]
                ],
                "center": [
                    0.09483660885306206,
                    0.01808498346801697,
                    -0.6081165962743403
                ]
            }
        },
        {
            "key": 4,
            "value": {
                "rotation": [
                    [
                        0.9455793773369717,
                        -0.023184737596119395,
                        -0.32456449143063056
                    ],
                    [
                        -0.05337856842969963,
                        0.97289344186659,
                        -0.22500906471823757
                    ],
                    [
                        0.32098344129786607,
                        0.230088719227126,
                        0.9187104068731343
                    ]
                ],
                "center": [
                    -0.08560512611466893,
                    0.04449537755193651,
                    -0.48901546200450837
                ]
            }
        },
        {
            "key": 0,
            "value": {
                "rotation": [
                    [
                        -0.16271606605888604,
                        0.2505023589275861,
                        0.954343779786946
                    ],
                    [
                        -0.02124116502066214,
                        0.966120656813899,
                        -0.2572152588515022
                    ],
                    [
                        -0.9864442684484943,
                        -0.06212442876353149,
                        -0.15188239067093876
                    ]
                ],
                "center": [
                    0.358048061187921,
                    0.041654751247567917,
                    -0.5528005576442328
                ]
            }
        },
        {
            "key": 1,
            "value": {
                "rotation": [
                    [
                        -0.16156306282058059,
                        0.2526852723047163,
                        0.9539641135243634
                    ],
                    [
                        -0.021540476560953264,
                        0.9655305138860086,
                        -0.2593970597839282
                    ],
                    [
                        -0.986627277446534,
                        -0.06245782509270676,
                        -0.15055110588477486
                    ]
                ],
                "center": [
                    0.2948777468342985,
                    0.035131994370061859,
                    -0.568700964004594
                ]
            }
        },
        {
            "key": 36,
            "value": {
                "rotation": [
                    [
                        -0.13644754119320347,
                        0.24969388010275005,
                        0.9586631497776279
                    ],
                    [
                        -0.024072536112866744,
                        0.9665924260279949,
                        -0.255185412887198
                    ],
                    [
                        -0.9903547755766232,
                        -0.05789687542992708,
                        -0.12587839492155807
                    ]
                ],
                "center": [
                    -0.10696557064703048,
                    0.0018948420089402816,
                    -0.6480242411572843
                ]
            }
        },
        {
            "key": 23,
            "value": {
                "rotation": [
                    [
                        -0.1618634125325826,
                        0.25142479554022775,
                        0.9542461987720263
                    ],
                    [
                        -0.014997269747206771,
                        0.9662593964146442,
                        -0.2571339354121442
                    ],
                    [
                        -0.9866992031938793,
                        -0.05593166391197311,
                        -0.15263135781549473
                    ]
                ],
                "center": [
                    0.16530649908609608,
                    0.024285230936053199,
                    -0.5938119346175559
                ]
            }
        },
        {
            "key": 3,
            "value": {
                "rotation": [
                    [
                        0.9232259440395699,
                        -0.07040695238600943,
                        -0.3777521903417096
                    ],
                    [
                        -0.019309175098536664,
                        0.9733279097517844,
                        -0.2286043216022747
                    ],
                    [
                        0.38377208341574178,
                        0.21834752380994933,
                        0.8972420781688767
                    ]
                ],
                "center": [
                    -0.0925195727677858,
                    0.03316779161199554,
                    -0.5282084739528384
                ]
            }
        },
        {
            "key": 42,
            "value": {
                "rotation": [
                    [
                        -0.9654900844212514,
                        -0.06494729501277354,
                        -0.2522117082031849
                    ],
                    [
                        -0.0044006321630231,
                        0.9723368924987046,
                        -0.2335414351298897
                    ],
                    [
                        0.2604026330911623,
                        -0.22437204896440753,
                        -0.939067437579806
                    ]
                ],
                "center": [
                    -0.0265613939409473,
                    0.009232446490555942,
                    -0.6298006561246111
                ]
            }
        },
        {
            "key": 2,
            "value": {
                "rotation": [
                    [
                        0.9956283737845542,
                        0.025958652806125874,
                        0.08972340642003739
                    ],
                    [
                        -0.00321978599310766,
                        0.9695716981656146,
                        -0.244786345808758
                    ],
                    [
                        -0.09334759929040906,
                        0.2434273412349921,
                        0.9654166744188646
                    ]
                ],
                "center": [
                    -0.14164332974669778,
                    0.021741164508990945,
                    -0.5667628086036528
                ]
            }
        },
        {
            "key": 37,